<?xml version="1.0" encoding="UTF-8" ?>
<!DOCTYPE struts PUBLIC
	"-//Apache Software Foundation//DTD Struts Configuration 2.3//EN"
	"http://struts.apache.org/dtds/struts-2.3.dtd">

<struts>
	
    <constant name="struts.devMode" value="false" />
    <constant name="struts.action.extension" value="do"/>
    <!-- 上传文件 -->
	<constant name="struts.multipart.paeser" value="cos"></constant>
	<constant name="struts.multipart.maxSize" value="624288000"></constant>
	<include file="struts_game.xml"></include>
	
    <package name="default" namespace="/" extends="struts-default">
        
    	<interceptors>
	 		<!--  添加用户操作日志的拦截器   -->
	 		<interceptor name="AddUserLog" class="com.sinocontact.Interceptor.LoginLogInterceptor"></interceptor>  
	 		<!--  保存指定URL的拦截器   -->
	 		<interceptor name="checkSharePage" class="com.sinocontact.Interceptor.OperateInterceptor"></interceptor>  
    	</interceptors>
    	<global-results>  
            <!-- 重新登錄 -->  
            <result name="login">/index.jsp</result>  
            <result name="error">/error.jsp</result>  
        </global-results>  
    </package>
</struts>
